{
  "project_info": {
    "project_number": "777490480190",
    "firebase_url": "https://textrecognizer-b5b0f.firebaseio.com",
    "project_id": "textrecognizer-b5b0f",
    "storage_bucket": "textrecognizer-b5b0f.appspot.com"
  },
  "client": [
    {
      "client_info": {
        "mobilesdk_app_id": "1:777490480190:android:b867458656bb8038",
        "android_client_info": {
          "package_name": "com.example.csc.myapplication1"
        }
      },
      "oauth_client": [
        {
          "client_id": "777490480190-1i3gvfcqivm06jfvm6398jkf1ihpgvee.apps.googleusercontent.com",
          "client_type": 1,
          "android_info": {
            "package_name": "com.example.csc.myapplication1",
            "certificate_hash": "273cb092c20f64f0b16cb3079f4e58e89ab8ded1"
          }
        },
        {
          "client_id": "777490480190-rtgfl87kja6st3of0s6ifpc85487ouft.apps.googleusercontent.com",
          "client_type": 3
        }
      ],
      "api_key": [
        {
          "current_key": "AIzaSyCY-JgOmKWO5HlHTO0V2y4tvwTQ46plfG8"
        }
      ],
      "services": {
        "appinvite_service": {
          "other_platform_oauth_client": [
            {
              "client_id": "777490480190-rtgfl87kja6st3of0s6ifpc85487ouft.apps.googleusercontent.com",
              "client_type": 3
            }
          ]
        }
      }
    },
    {
      "client_info": {
        "mobilesdk_app_id": "1:777490480190:android:a985a77dacae7930",
        "android_client_info": {
          "package_name": "com.np.neeraj"
        }
      },
      "oauth_client": [
        {
          "client_id": "777490480190-rtgfl87kja6st3of0s6ifpc85487ouft.apps.googleusercontent.com",
          "client_type": 3
        }
      ],
      "api_key": [
        {
          "current_key": "AIzaSyCY-JgOmKWO5HlHTO0V2y4tvwTQ46plfG8"
        }
      ],
      "services": {
        "appinvite_service": {
          "other_platform_oauth_client": [
            {
              "client_id": "777490480190-rtgfl87kja6st3of0s6ifpc85487ouft.apps.googleusercontent.com",
              "client_type": 3
            }
          ]
        }
      }
    },
    {
      "client_info": {
        "mobilesdk_app_id": "1:777490480190:android:27e78bee37a5474a",
        "android_client_info": {
          "package_name": "com.np.neeraj.sample"
        }
      },
      "oauth_client": [
        {
          "client_id": "777490480190-r8q5fh6nsk9qnmtv69lj5cv1elps9omv.apps.googleusercontent.com",
          "client_type": 1,
          "android_info": {
            "package_name": "com.np.neeraj.sample",
            "certificate_hash": "8595e8fbcbf2565b98e24404ddb8fdbd5d53e7e0"
          }
        },
        {
          "client_id": "777490480190-rtgfl87kja6st3of0s6ifpc85487ouft.apps.googleusercontent.com",
          "client_type": 3
        }
      ],
      "api_key": [
        {
          "current_key": "AIzaSyCY-JgOmKWO5HlHTO0V2y4tvwTQ46plfG8"
        }
      ],
      "services": {
        "appinvite_service": {
          "other_platform_oauth_client": [
            {
              "client_id": "777490480190-rtgfl87kja6st3of0s6ifpc85487ouft.apps.googleusercontent.com",
              "client_type": 3
            }
          ]
        }
      }
    },
    {
      "client_info": {
        "mobilesdk_app_id": "1:777490480190:android:46066b119fff5e39",
        "android_client_info": {
          "package_name": "com.np.neeraj.text_recognizer"
        }
      },
      "oauth_client": [
        {
          "client_id": "777490480190-7vmmk93mb18eeu3bmegmpp1uvdvc1nk5.apps.googleusercontent.com",
          "client_type": 1,
          "android_info": {
            "package_name": "com.np.neeraj.text_recognizer",
            "certificate_hash": "8595e8fbcbf2565b98e24404ddb8fdbd5d53e7e0"
          }
        },
        {
          "client_id": "777490480190-rtgfl87kja6st3of0s6ifpc85487ouft.apps.googleusercontent.com",
          "client_type": 3
        }
      ],
      "api_key": [
        {
          "current_key": "AIzaSyCY-JgOmKWO5HlHTO0V2y4tvwTQ46plfG8"
        }
      ],
      "services": {
        "appinvite_service": {
          "other_platform_oauth_client": [
            {
              "client_id": "777490480190-rtgfl87kja6st3of0s6ifpc85487ouft.apps.googleusercontent.com",
              "client_type": 3
            }
          ]
        }
      }
    }
  ],
  "configuration_version": "1"
}